[
    {
      "title": "Fitness Tracker Web App",
      "imageSrc": "projects/fitnessTracker.jpg",
      "description": "Brings Fitness trainers and Individuals around the world together virtually to meet their fitness goals.",
      "skills": ["Html", "CSS", "Javascript", "Mysql", "Flask"],
      "source": "https://github.com/bhosale8421"
    },
    {
      "title": "Blood Requisition System",
      "imageSrc": "projects/BloodDonation.jpeg",
      "description": "it help to connects people each others to easilycheck the availability of blood and reach peoples who intrested to donate the blood.",
      "skills": ["Android", "Java", "php", "Mysql"],
      "source": "https://github.com/bhosale8421"
    },
    {
      "title": "Language Identification Based Text Editor",
      "imageSrc": "projects/project.png",
      "description": "It helps many users to provide text editor with some extra features like Language identification ,Text Editing or Formatting.",
      "skills": ["Python", "AI"],
      "source": "https://github.com/bhosale8421"
    }
  ]