[
    {
      "title": "HTML",
      "imageSrc": "skills/html.png"
    },
    {
      "title": "CSS",
      "imageSrc": "skills/css.png"
    },
    {
      "title": "React",
      "imageSrc": "skills/react.png"
    },
    {
      "title": "Node",
      "imageSrc": "skills/node.png"
    },
    {
      "title": "Javascript",
      "imageSrc": "skills/javascript.png"
    },
    {
      "title": "MongoDB",
      "imageSrc": "skills/mongodb.png"
    },
    {
      "title": "Figma",
      "imageSrc": "skills/figma.png"
    }
  ]